<courseModule>

  <module>
    <name><![CDATA[  Chem tool  ]]></name>
    <description><![CDATA[  Course Module  ]]></description>
    <uri><![CDATA[  aeff5a43-ed8e-4835-bed9-de1eafcac184  ]]></uri>
    <privacy>0</privacy>
    <autoModule>true</autoModule>
    <exportedFrom>5e2e1ee3-b0df-4896-a4a2-e957c61434d7</exportedFrom>
  </module>

  <questions>

    <question uid="aeff5a43-ed8e-4835-bed9-de1eafcac184" modifiedBy="229e758e-c9d2-449d-a1bc-e63f1be6d390" school="0c26cea4-df59-4335-bd02-0f03f21623e4">
      <mode>Inline</mode>
      <chainId><![CDATA[  0  ]]></chainId>
      <name><![CDATA[  Chem tool  ]]></name>
      <editing>useHTML</editing>
      <numberOfAttempts>1</numberOfAttempts>
      <numberOfAttemptsLeft>1</numberOfAttemptsLeft>
      <numberOfTryAnother>0</numberOfTryAnother>
      <numberOfTryAnotherLeft>0</numberOfTryAnotherLeft>
      <privacy>10</privacy>
      <allowRepublish>false</allowRepublish>
      <attributeAuthor>true</attributeAuthor>
      <modifiedIn>17.1000004</modifiedIn>
      <difficulty>0.0</difficulty>
      <text><![CDATA[  <p><1><span>&nbsp;</span></p>  ]]></text>
      <width>0.0</width>
      <weighting>4</weighting>
      <numbering>alpha</numbering>

      <parts>

        <part>
          <mode>Html</mode>
          <name><![CDATA[  responseNaN  ]]></name>
          <editing>useHTML</editing>
          <numberOfAttempts>1</numberOfAttempts>
          <numberOfAttemptsLeft>1</numberOfAttemptsLeft>
          <numberOfTryAnother>0</numberOfTryAnother>
          <numberOfTryAnotherLeft>0</numberOfTryAnotherLeft>
          <allowRepublish>false</allowRepublish>
          <attributeAuthor>false</attributeAuthor>
          <difficulty>0.0</difficulty>
          <text><![CDATA[    ]]></text>
          <width>0.0</width>
          <mapleAnswer><![CDATA[  0  ]]></mapleAnswer>
          <maple><![CDATA[  pResponse1:=parse($RESPONSE[1][1]);
pResponse2:=parse($RESPONSE[1][2]);
pResponse3:=parse($RESPONSE[1][3]);
pResponse4:=parse($RESPONSE[1][4]);
total:=pResponse1+pResponse2+pResponse3+pResponse4;
total;  ]]></maple>
          <type>maple</type>
          <allow2d>0</allow2d>
          <mathConversionMode>0</mathConversionMode>
          <questionHtml><![CDATA[  <span class="feedback">
    Molecule: <p id="feedback0a"></p>
    Name: <p id="feedback0b"></p>
</span>

<span class="feedback">
    Electron pair geometry: <p id="feedback1"></p>
</span>

<span class="feedback">
    Molecular geometry: <p id="feedback2"></p>
</span>

<span class="feedback">
    Central Atom: <p id="feedback3"></p><p id="fb3" class="fb"></p>
</span>

<span class="feedback">
    Atoms, bonds, electron pairs: 
	<p id="feedback4"></p><p id="fb4" class="fb"></p>
	<p id="feedback5"></p><p id="fb5" class="fb"></p>
</span>

<span class="feedback">
<p id="feedback6"></div></p> <p id="fb6" class="fb"></p>
</span>


<div class="content submit-hide" id="content">
<div class="header submit-hide" id="myHeader">
  <h1 id="headTitle" class="submit-hide">Molecular Geometry</h1>
</div>


<p style="margin-top: 4rem;" class="submit-hide">Draw the structure for <b><span id="variationMol">PF<sub>5</sub></span></b>. Start by selecting from the electron pair geometry menu.</p>
<h3 class="submit-hide">Step 1 - Select electron pair geometry</h3>

<label for="geometry" class="submit-hide">Select geometry:</label>
  <select class="select-css submit-hide" name="geometry" id="geometry" onchange="displayMolecule(value);">
    <option value="tri-bi">Trigonal Bipyramidal</option>
	<option value="tri-planar">Triagonal Planar</option>
	<option value="linear">Linear</option>
	<option value="tetrahedral">Tetrahedral</option>
    <option value="octahedral">Octahedral</option>
  </select>

<h3 class="submit-hide">Step 2 - Complete the structure</h3>
<p class="submit-hide">Select an atom or electron pair from the menu and click a location to place that atom or electron pair. Start by placing the central atom and then place the terminal atoms and electron pairs in the correct locations. Only consider electron pairs on the central atom; do not worry about electron pairs on the terminal atoms. To make any bond double or triple, click on the bond to add another.</p>

<div id="element-table" class="submit-hide">
    <button id="C" title="Carbon" class="element-table" style="width:40px;height:40px;">C</button>
    <button id="H" title="Hydrogen" class="element-table" style="width:40px;height:40px;">H</button>
    <button id="N" title="Nitrogen" class="element-table" style="width:40px;height:40px;">N</button>
    <button id="O" title="Oxygen" class="element-table" style="width:40px;height:40px;">O</button>
    <button id="P" title="Phosphorus" class="element-table" style="width:40px;height:40px;">P</button>
    <button id="S" title="Sulfur" class="element-table" style="width:40px;height:40px;">S</button>
    <button id="F" title="Fluorine" class="element-table" style="width:40px;height:40px;">F</button>
    <button id="B" title="Boron" class="element-table" style="width:40px;height:40px;">B</button>
    <button id="Cl" title="Chlorine" class="element-table" style="width:40px;height:40px;">Cl</button>
    <button id="Br" title="Bromine" class="element-table" style="width:40px;height:40px;">Br</button>
    <button id="I" title="Iodine" class="element-table" style="width:40px;height:40px;">I</button>
	<button id="Xe" title="Xenon" class="element-table" style="width:40px;height:40px;">Xe</button>
	<button id="Be" title="Beryllium" class="element-table" style="width:40px;height:40px;">Be</button>
	<button id="Si" title="Silicon" class="element-table" style="width:40px;height:40px;">Si</button>
    <button id="pair" title="Electron pair" class="element-table" style="width:40px;height:40px;">&#183;&#183;</button>
</div>

  <div class="shell" id="shellDiv">
  <img class="bracket-left" id="bracketLeft" src="__BASE_URI__chemTool/leftBrace.svg">
  <div class="step2" id='octahedral' style='display: none'>
    <svg version="1.1" id="Octahedral" xmlns="http://www.w3.org/2000/svg" xmlns:xlink="http://www.w3.org/1999/xlink" x="0px" y="0px"viewBox="0 0 665.9 633.4" style="enable-background:new 0 0 665.9 633.4;" xml:space="preserve">
    	<style type="text/css">
    		.st0{display:none;}
    		.st1{display:inline;fill:#231F20;stroke:#231F20;stroke-miterlimit:10;}
    		.st2{fill:none;stroke:#231F20;stroke-width:4;stroke-miterlimit:10;}
    		.st3{fill:#231F20;fill-opacity:0;}
    		.st4{fill:#FFFFFF;stroke:#231F20;stroke-width:2;stroke-miterlimit:10;}
    		.st5{display:none;fill:none;stroke:#231F20;stroke-width:4;stroke-miterlimit:10;}
    		.st6{fill:#231F20;}
    	</style>
    	<g id="dots">
    		<g id="dot1" class="st0">
    			<circle id="d1_1_" class="st1" cx="343.8" cy="224.6" r="9"/>
    			<circle id="d1" class="st1" cx="322" cy="224.6" r="9"/>
    		</g>
    		<g id="dot2" class="st0">
    			<circle id="d1_3_" class="st1" cx="418.1" cy="280.1" r="9"/>
    			<circle id="d1_2_" class="st1" cx="407.2" cy="261.2" r="9"/>
    		</g>
    		<g id="dot3" class="st0">
    			<circle id="d1_5_" class="st1" cx="407.2" cy="372.2" r="9"/>
    			<circle id="d1_4_" class="st1" cx="418.1" cy="353.3" r="9"/>
    		</g>
    		<g id="dot4" class="st0">
    			<circle id="d4_1_" class="st1" cx="322" cy="408.8" r="9"/>
    			<circle id="d4" class="st1" cx="343.8" cy="408.8" r="9"/>
    		</g>
    		<g id="dot5" class="st0">

    				<ellipse id="d5_1_" transform="matrix(0.1602 -0.9871 0.9871 0.1602 -140.7151 541.2092)" class="st1" cx="247.7" cy="353.3" rx="9" ry="9"/>
    			<circle id="d5" class="st1" cx="258.6" cy="372.2" r="9"/>
    		</g>
    		<g id="dot6" class="st0">
    			<circle id="d6_1_" class="st1" cx="258.6" cy="261.2" r="9"/>

    				<ellipse id="d6" transform="matrix(0.1602 -0.9871 0.9871 0.1602 -68.4603 479.7346)" class="st1" cx="247.7" cy="280.1" rx="9" ry="9"/>
    		</g>
    	</g>
    	<g id="legs">
    		<g id="leg1" class="octahedral-leg">
    			<line id="line11" style="display:none" class="st2" x1="325.6" y1="176.4" x2="325.6" y2="247.1"/>
    			<line id="line12" style="display:block" class="st2" x1="332.9" y1="176.4" x2="332.9" y2="247.1"/>
    			<line id="line13" style="display:none" class="st2" x1="339.7" y1="176.4" x2="339.7" y2="247"/>
    			<polygon id="lineZone1" class="st3" points="323.8,176.3 341.5,176.3 341.5,247 323.3,247 		"/>
    			<circle id="circle1" class="st4" cx="332.9" cy="105.8" r="54.5"/>
    		</g>
    		<g id="leg2" class="octahedral-leg">
    			<line id="line21" class="st5" x1="450.8" y1="240.2" x2="389.5" y2="275.6"/>
    			<line id="line22" class="st5" x1="454.4" y1="246.6" x2="393.2" y2="281.9"/>
    			<line id="line23" class="st5" x1="457.8" y1="252.4" x2="396.7" y2="287.7"/>
    			<g id="backline2">
    				<polygon class="st6" points="458.8,253.9 457.4,254.5 448.7,239.6 449.9,238.6 			"/>
    				<polygon class="st6" points="454.3,255.8 451.4,257.1 443.5,243.5 446.1,241.6 			"/>
    				<polygon class="st6" points="448.4,258.3 445.4,259.6 438.4,247.5 440.9,245.4 			"/>
    				<polygon class="st6" points="442.4,260.9 439.4,262.1 433.2,251.4 435.7,249.4 			"/>
    				<polygon class="st6" points="436.5,263.5 433.4,264.7 428,255.4 430.6,253.4 			"/>
    				<polygon class="st6" points="430.4,266 427.5,267.3 422.8,259.2 425.4,257.3 			"/>
    				<polygon class="st6" points="424.5,268.6 421.5,269.8 417.7,263.2 420.3,261.3 			"/>
    				<polygon class="st6" points="418.6,271.1 415.5,272.4 412.5,267.2 415,265.1 			"/>
    				<polygon class="st6" points="412.5,273.6 409.6,274.9 407.4,271.1 409.9,269.1 			"/>
    				<polygon class="st6" points="406.5,276.3 403.5,277.4 402.2,275.1 404.7,273.1 			"/>
    				<polygon class="st6" points="400.6,278.7 397.6,280 397,278.9 399.6,276.9 			"/>
    				<polygon class="st6" points="394.6,281.2 393.1,281.8 394.4,280.8 			"/>
    			</g>
    			<polygon id="lineZone2" class="st3" points="449.9,238.6 458.8,253.9 397.6,289.3 388.5,273.5 		"/>
    			<circle id="circle2" class="st4" cx="515.5" cy="211.3" r="54.5"/>
    		</g>
    		<g id="leg3" class="octahedral-leg">
    			<line id="line31" class="st5" x1="458.1" y1="380.5" x2="396.8" y2="345.2"/>
    			<line id="line32" class="st5" x1="454.4" y1="386.9" x2="393.2" y2="351.5"/>
    			<line id="line33" class="st5" x1="451" y1="392.7" x2="389.9" y2="357.4"/>
    			<g>
    				<polygon id="frontline3" class="st6" points="450.2,394.3 393.2,351.4 459,379 			"/>
    				<circle id="circle3" class="st4" cx="515.5" cy="422.2" r="54.5"/>
    			</g>
    			<polygon id="lineZone3" class="st3" points="459,379 450.2,394.3 389,359 398.1,343.2 		"/>
    		</g>
    		<g id="leg4" class="octahedral-leg">
    			<line id="line41" style="display:none" class="st2" x1="340.2" y1="457" x2="340.2" y2="386.3"/>
    			<line id="line42" style="display:block" class="st2" x1="332.9" y1="457" x2="332.9" y2="386.3"/>
    			<line id="line43" style="display:none" class="st2" x1="326.1" y1="457" x2="326.1" y2="386.4"/>
    			<polygon id="lineZone4" class="st3" points="342,457.1 324.3,457.1 324.3,386.4 342.5,386.4 		"/>
    			<circle id="circle4" class="st4" cx="332.9" cy="527.6" r="54.5"/>
    		</g>
    		<g id="leg5" class="octahedral-leg">
    			<line id="line11_4_" class="st5" x1="215" y1="393.2" x2="276.3" y2="357.8"/>
    			<line id="line12_4_" class="st5" x1="211.4" y1="386.9" x2="272.6" y2="351.5"/>
    			<line id="line13_4_" class="st5" x1="208" y1="381" x2="269.1" y2="345.7"/>
    			<g>
    				<polygon id="frontline1_4_" class="st6" points="207,379.5 272.7,351.6 215.9,394.8 			"/>
    				<circle id="circle1_4_" class="st4" cx="150.3" cy="422.2" r="54.5"/>
    			</g>
    			<polygon id="lineZone5" class="st3" points="215.9,394.8 207,379.5 268.2,344.1 277.3,359.9 		"/>
    		</g>
    		<g id="leg6" class="octahedral-leg">
    			<line id="line61" class="st5" x1="207.7" y1="252.9" x2="269" y2="288.2"/>
    			<line id="line62" class="st5" x1="211.4" y1="246.6" x2="272.6" y2="281.9"/>
    			<line id="line63" class="st5" x1="214.8" y1="240.7" x2="275.9" y2="276"/>
    			<g id="backline6">
    				<polygon class="st6" points="215.6,239.1 216.8,240 208.2,255 206.8,254.4 			"/>
    				<polygon class="st6" points="219.5,242 222,243.9 214.2,257.5 211.3,256.2 			"/>
    				<polygon class="st6" points="224.6,245.9 227.2,247.8 220.2,259.9 217.2,258.8 			"/>
    				<polygon class="st6" points="229.8,249.8 232.4,251.8 226.2,262.5 223.2,261.3 			"/>
    				<polygon class="st6" points="235,253.6 237.6,255.7 232.2,265 229.2,263.7 			"/>
    				<polygon class="st6" points="240.2,257.6 242.8,259.5 238.2,267.6 235.2,266.3 			"/>
    				<polygon class="st6" points="245.4,261.4 248,263.4 244.2,270 241.2,268.7 			"/>
    				<polygon class="st6" points="250.5,265.3 253.2,267.3 250.2,272.5 247.2,271.4 			"/>
    				<polygon class="st6" points="255.8,269.3 258.3,271.2 256.1,275 253.2,273.8 			"/>
    				<polygon class="st6" points="261.1,273.1 263.6,275.2 262.2,277.5 259.2,276.3 			"/>
    				<polygon class="st6" points="266.1,277.1 268.8,279 268.1,280.1 265.1,278.9 			"/>
    				<polygon class="st6" points="271.3,281 272.6,282 271.1,281.4 			"/>
    			</g>
    			<polygon id="lineZone6" class="st3" points="206.8,254.4 215.6,239.1 276.8,274.4 267.7,290.2 		"/>
    			<circle id="circle6" class="st4" cx="150.3" cy="211.2" r="54.5"/>
    		</g>
    	</g>
    	<circle id="circleMain" class="st4" cx="332.9" cy="316.7" r="54.5"/>
    </svg>
    <p id='octahedral1' class='octahedral-atom' style='left: 210px; top: 198px;'></p>
    <p id='octahedral2' class='octahedral-atom' style='left: 210px; top: 39px;'></p>
    <p id='octahedral3' class='octahedral-atom' style='left: 348px; top: 119px;'></p>
    <p id='octahedral4' class='octahedral-atom' style='left: 348px; top: 277px;'></p>
    <p id='octahedral5' class='octahedral-atom' style='left: 210px; top: 355px;'></p>
    <p id='octahedral6' class='octahedral-atom' style='left: 73px; top: 277px;'></p>
    <p id='octahedral7' class='octahedral-atom' style='left: 73px; top: 119px;'></p>
  </div>

  <div class="step2" id='tetrahedral'>
    <svg version="1.1" id="tetrahedral" xmlns="http://www.w3.org/2000/svg" xmlns:xlink="http://www.w3.org/1999/xlink" x="0px" y="0px" viewBox="0 0 665.9 633.4" style="enable-background:new 0 0 665.9 633.4;" xml:space="preserve">
    	<style type="text/css">
    		.st0{display:none;}
    		.st1{display:inline;fill:#231F20;stroke:#231F20;stroke-miterlimit:10;}
    		.st2{fill:none;stroke:#231F20;stroke-width:4;stroke-miterlimit:10;}
    		.st3{fill:#231F20;fill-opacity:0;}
    		.st4{fill:#FFFFFF;stroke:#231F20;stroke-width:2;stroke-miterlimit:10;}
    		.st5{display:none;fill:none;stroke:#231F20;stroke-width:4;stroke-miterlimit:10;}
    		.st6{fill:#231F20;}
    	</style>
    	<g id="dots">
    		<g id="dot1" class="st0">
    			<circle id="d1_1_" class="st1" cx="343.8" cy="224.6" r="9"/>
    			<circle id="d1" class="st1" cx="322" cy="224.6" r="9"/>
    		</g>
    		<g id="dot2" class="st0">
    			<circle id="d2_1_" class="st1" cx="415.7" cy="358.4" r="9"/>
    			<circle id="d2" class="st1" cx="423.2" cy="338" r="9"/>
    		</g>
    		<g id="dot3" class="st0">
    			<circle id="d3_1_" class="st1" cx="369.5" cy="401.9" r="9"/>
    			<circle id="d3" class="st1" cx="388.4" cy="391" r="9"/>
    		</g>
    		<g id="dot4" class="st0">
    			<circle id="d4_1_" class="st1" cx="255.3" cy="367.6" r="9"/>
    			<circle id="d4" class="st1" cx="269.4" cy="384.3" r="9"/>
    		</g>
    	</g>
    	<g id="legs">
    		<g id="leg1" class="tetrahedral-leg">
    			<line id="line11" style="display:none" class="st2" x1="325.6" y1="176.4" x2="325.6" y2="247.1"/>
    			<line id="line12" style="display:block" class="st2" x1="332.9" y1="176.4" x2="332.9" y2="247.1"/>
    			<line id="line13" style="display:none" class="st2" x1="339.7" y1="176.4" x2="339.7" y2="247"/>
    			<polygon id="lineZone1" class="st3" points="323.8,176.3 341.5,176.3 341.5,247 323.3,247 		"/>
    			<circle id="circle1" class="st4" cx="332.9" cy="105.8" r="54.5"/>
    		</g>
    		<g id="leg2" class="tetrahedral-leg">
    			<line id="line21" style="display:none" class="st5" x1="467.2" y1="357.8" x2="400.8" y2="333.6"/>
    			<line id="line22" style="display:none" class="st5" x1="464.7" y1="364.7" x2="398.3" y2="340.5"/>
    			<line id="line23" style="display:none" class="st5" x1="462.4" y1="371.1" x2="396.1" y2="346.9"/>
    			<g id="backline2">
    				<polygon class="st6" points="461.9,372.8 460.6,372.1 466.4,355.8 467.9,356.2 			"/>
    				<polygon class="st6" points="457.6,370.6 454.7,369.1 460.1,354.4 463.2,355.2 			"/>
    				<polygon class="st6" points="451.8,367.7 449,366.2 453.8,353 456.9,353.7 			"/>
    				<polygon class="st6" points="446,364.7 443.1,363.2 447.4,351.6 450.6,352.2 			"/>
    				<polygon class="st6" points="440.2,361.8 437.3,360.2 441,350.1 444.2,350.8 			"/>
    				<polygon class="st6" points="434.4,358.8 431.5,357.4 434.7,348.6 437.9,349.4 			"/>
    				<polygon class="st6" points="428.7,355.9 425.8,354.4 428.4,347.3 431.5,348 			"/>
    				<polygon class="st6" points="422.9,353 420,351.5 422,345.8 425.2,346.5 			"/>
    				<polygon class="st6" points="417.1,350 414.2,348.5 415.7,344.4 418.9,345.1 			"/>
    				<polygon class="st6" points="411.2,347.1 408.4,345.6 409.3,343 412.5,343.6 			"/>
    				<polygon class="st6" points="405.5,344.1 402.6,342.7 403.1,341.5 406.2,342.2 			"/>
    				<polygon class="st6" points="399.8,341.1 398.3,340.4 399.9,340.8 			"/>
    			</g>
    			<polygon id="lineZone2" class="st3" points="467.9,356.2 461.9,372.8 395.5,348.6 401.7,331.5 		"/>
    			<circle id="circle2" class="st4" cx="531.1" cy="388.8" r="54.5"/>
    		</g>
    		<g id="leg3" class="tetrahedral-leg">
    			<line id="line31" style="display:none" class="st5" x1="409.4" y1="434.6" x2="374" y2="373.3"/>
    			<line id="line32" style="display:none" class="st5" x1="403.1" y1="438.2" x2="367.7" y2="377"/>
    			<line id="line33" style="display:none" class="st5" x1="397.2" y1="441.6" x2="361.9" y2="380.5"/>
    			<g>
    				<polygon id="frontline3" class="st6" points="395.7,442.6 367.8,376.9 411,433.7 			"/>
    				<circle id="circle3" class="st4" cx="438.4" cy="499.3" r="54.5"/>
    			</g>
    			<polygon id="lineZone3" class="st3" points="411,433.7 395.7,442.6 360.3,381.4 376.1,372.3 		"/>
    		</g>
    		<g id="leg4" class="tetrahedral-leg">
    			<line id="line41" style="display:none" class="st2" x1="230.1" y1="412.5" x2="284.3" y2="367"/>
    			<line id="line42" style="display:block" class="st2" x1="225.4" y1="406.9" x2="279.6" y2="361.4"/>
    			<line id="line43" style="display:none" class="st2" x1="221.1" y1="401.7" x2="275.1" y2="356.3"/>
    			<circle id="circle4" class="st4" cx="171.3" cy="452.3" r="54.5"/>
    			<polygon id="lineZone4" class="st3" points="231.2,413.9 219.8,400.4 274,354.9 285.7,368.9 		"/>
    		</g>
    	</g>
    	<circle id="circleMain" class="st4" cx="332.9" cy="316.7" r="54.5"/>
    </svg>
    <p id='tetrahedral1' class='tetrahedral-atom' style='left: 210px; top: 198px;'></p>
    <p id='tetrahedral2' class='tetrahedral-atom' style='left: 210px; top: 39px;'></p>
    <p id='tetrahedral3' class='tetrahedral-atom' style='left: 359px; top: 252px;'></p>
    <p id='tetrahedral4' class='tetrahedral-atom' style='left: 289px; top: 334px;'></p>
    <p id='tetrahedral5' class='tetrahedral-atom' style='left: 89px; top: 300px;'></p>
  </div>

  <div class="step2" id='linear'>
    <svg version="1.1" id="Linear" xmlns="http://www.w3.org/2000/svg" xmlns:xlink="http://www.w3.org/1999/xlink" x="0px" y="0px" viewBox="0 0 665.9 633.4" style="enable-background:new 0 0 665.9 633.4;" xml:space="preserve">
    	<style type="text/css">
    		.st0{display:none;}
    		.st1{display:inline;fill:#231F20;stroke:#231F20;stroke-miterlimit:10;}
    		.st2{fill:none;stroke:#231F20;stroke-width:4;stroke-miterlimit:10;}
    		.st3{fill:#231F20;fill-opacity:0;}
    		.st4{fill:#FFFFFF;stroke:#231F20;stroke-width:2;stroke-miterlimit:10;}
    		.st5{display:none;fill:none;stroke:#231F20;stroke-width:4;stroke-miterlimit:10;}
    		.st6{fill:#231F20;}
    	</style>
    	<g id="dots">
    		<g id="dot1" class="st0">
    			<circle id="d1_1_" class="st1" cx="402.6" cy="305.4" r="9"/>
    			<circle id="d1" class="st1" cx="402.6" cy="327.4" r="9"/>
    		</g>

    		<g id="dot4" class="st0">
    			<circle id="d4_1_" class="st1" cx="263.6" cy="305.4" r="9"/>
    			<circle id="d4" class="st1" cx="263.6" cy="327.4" r="9"/>
    		</g>
    	</g>
    	<g id="legs">
    		<g id="leg1" class="linear-leg">
    			<line id="line11" style="display:none" class="st2" x1="398" y1="305.4" x2="468.6" y2="305.4"/>
    			<line id="line12" style="display:block" class="st2" x1="398" y1="312.2" x2="468.6" y2="312.2"/>
    			<line id="line13" style="display:none" class="st2" x1="398" y1="319" x2="468.6" y2="319"/>
    			<polygon id="lineZone1" class="st3" points="398,305.4 468.6,305.4 468.6,319 398,319 		"/>
    			<circle id="circle1" class="st4" cx="532.9" cy="316.7" r="54.5"/>
    		</g>
    	
    		<g id="leg4" class="linear-leg">
    			<line id="line41" style="display:none" class="st2" x1="198" y1="305.4" x2="268.6" y2="305.4"/>
    			<line id="line42" style="display:block" class="st2" x1="198" y1="312.2" x2="268.6" y2="312.2"/>
    			<line id="line43" style="display:none" class="st2" x1="198" y1="319" x2="268.6" y2="319"/>
    			<circle id="circle4" class="st4" cx="132.9" cy="316.7" r="54.5"/>
    			<polygon id="lineZone4" class="st3" points="198,305.4 268.6,305.4 268.6,319 198,319 		"/>
    		</g>
    	</g>
    	<circle id="circleMain" class="st4" cx="332.9" cy="316.7" r="54.5"/>
    </svg>
    <p id='linear1' class='linear-atom' style='left: 210px; top: 198px;'></p>
    <p id='linear2' class='linear-atom' style='left: 360px; top: 198px;'></p>
    <p id='linear3' class='linear-atom' style='left: 60px; top: 198px;'></p>
  </div>


  <div class="step2" id='tri-planar' style='display: none'>
    <svg version="1.1" id="Tri-planar" xmlns="http://www.w3.org/2000/svg" xmlns:xlink="http://www.w3.org/1999/xlink" x="0px" y="0px"viewBox="0 0 665.9 633.4" style="enable-background:new 0 0 665.9 633.4;" xml:space="preserve">
    	<style type="text/css">
    		.st0{display:none;}
    		.st1{display:inline;fill:#231F20;stroke:#231F20;stroke-miterlimit:10;}
    		.st2{fill:none;stroke:#231F20;stroke-width:4;stroke-miterlimit:10;}
    		.st3{fill:#231F20;fill-opacity:0;}
    		.st4{fill:#FFFFFF;stroke:#231F20;stroke-width:2;stroke-miterlimit:10;}
    		.st5{display:none;fill:none;stroke:#231F20;stroke-width:4;stroke-miterlimit:10;}
    		.st6{fill:#231F20;}
    	</style>
    	<g id="dots">
    		<g id="dot1" class="st0">
    			<circle id="d1_1_" class="st1" cx="343.8" cy="224.6" r="9"/>
    			<circle id="d1" class="st1" cx="322" cy="224.6" r="9"/>
    		</g>

    		<g id="dot4" class="st0 ">
    			<circle id="d4_5_" class="st1" cx="407.2" cy="372.2" r="9"/>
    			<circle id="d4_4_" class="st1" cx="418.1" cy="353.3" r="9"/>
    		</g>

    		<g id="dot5" class="st0">
    			<ellipse id="d5_1_" transform="matrix(0.1602 -0.9871 0.9871 0.1602 -140.7151 541.2092)" class="st1" cx="247.7" cy="353.3" rx="9" ry="9"/>
    			<circle id="d5" class="st1" class="st1" cx="258.6" cy="372.2" r="9"/>
    		</g>

    	</g>
    	<g id="legs">
    		<g id="leg1" class="tri-planar-leg">
    			<line id="line11" style="display:none" class="st2" x1="325.6" y1="176.4" x2="325.6" y2="247.1"/>
    			<line id="line12" style="display:block" class="st2" x1="332.9" y1="176.4" x2="332.9" y2="247.1"/>
    			<line id="line13" style="display:none" class="st2" x1="339.7" y1="176.4" x2="339.7" y2="247"/>
    			<polygon id="lineZone1" class="st3" points="323.8,176.3 341.5,176.3 341.5,247 323.3,247 		"/>
    			<circle id="circle1" class="st4" cx="332.9" cy="105.8" r="54.5"/>
    		</g>

    		<g id="leg2" class="tri-planar-leg">
    			<line id="line21" style="display:none" class="st2" x1="458.1" y1="380.5" x2="396.8" y2="345.2"/>
    			<line id="line22" style="display:block" class="st2" x1="454.4" y1="386.9" x2="393.2" y2="351.5"/>
    			<line id="line23" style="display:none" class="st2" x1="451" y1="392.7" x2="389.9" y2="357.4"/>
    			<g>
    				<circle id="circle2" class="st4" cx="515.5" cy="422.2" r="54.5"/>
    			</g>
    			<polygon id="lineZone2" class="st3" points="459,379 450.2,394.3 389,359 398.1,343.2 		"/>
    		</g>

    		<g id="leg3" class="tri-planar-leg">
    			<line id="line31_3_" style="display:none" class="st2" x1="215" y1="393.2" x2="276.3" y2="357.8"/>
    			<line id="line32_3_" style="display:block" class="st2" x1="211.4" y1="386.9" x2="272.6" y2="351.5"/>
    			<line id="line33_3_" style="display:none" class="st2" x1="208" y1="381" x2="269.1" y2="345.7"/>
    			<g>
    				<circle id="circle1_3_" class="st4" cx="150.3" cy="422.2" r="54.5"/>
    			</g>
    			<polygon id="lineZone3" class="st3" points="215.9,394.8 207,379.5 268.2,344.1 277.3,359.9 		"/>
    		</g>

    	</g>
    	<circle id="circleMain" class="st4" cx="332.9" cy="316.7" r="54.5"/>
    </svg>
    <p id='tri-planar1' class='tri-planar-atom' style='left: 210px; top: 198px;'></p>
    <p id='tri-planar2' class='tri-planar-atom' style='left: 210px; top: 39px;'></p>
    <p id='tri-planar3' class='tri-planar-atom' style='left: 348px; top: 277px;'></p>
    <p id='tri-planar4' class='tri-planar-atom' style='left: 73px; top: 277px;'></p>
  </div>

  <div class="step2" id='tri-bi' style='display: none'>
    <svg version="1.1" id="Tri-bi" xmlns="http://www.w3.org/2000/svg" xmlns:xlink="http://www.w3.org/1999/xlink" x="0px" y="0px"viewBox="0 0 665.9 633.4" style="enable-background:new 0 0 665.9 633.4;" xml:space="preserve">
    	<style type="text/css">
    		.st0{display:none;}
    		.st1{display:inline;fill:#231F20;stroke:#231F20;stroke-miterlimit:10;}
    		.st2{fill:none;stroke:#231F20;stroke-width:4;stroke-miterlimit:10;}
    		.st3{fill:#231F20;fill-opacity:0;}
    		.st4{fill:#FFFFFF;stroke:#231F20;stroke-width:2;stroke-miterlimit:10;}
    		.st5{display:none;fill:none;stroke:#231F20;stroke-width:4;stroke-miterlimit:10;}
    		.st6{fill:#231F20;}
    	</style>
    	<g id="dots">
    		<g id="dot1" class="st0">
    			<circle id="d1_1_" class="st1" cx="343.8" cy="224.6" r="9"/>
    			<circle id="d1" class="st1" cx="322" cy="224.6" r="9"/>
    		</g>

    		<g id="dot3" class="st0">
				<circle id="d1_5_" class="st1" cx="417.6" cy="305.4" r="9"/>
    			<circle id="d1_4_" class="st1" cx="417.6" cy="327.4" r="9"/>
    		</g>
    		<g id="dot4" class="st0">
    			<circle id="d4_1_" class="st1" cx="322" cy="408.8" r="9"/>
    			<circle id="d4" class="st1" cx="343.8" cy="408.8" r="9"/>
    		</g>
    		<g id="dot5" class="st0">
    			<ellipse id="d5_1_" transform="matrix(0.1602 -0.9871 0.9871 0.1602 -140.7151 541.2092)" class="st1" cx="247.7" cy="353.3" rx="9" ry="9"/>
    			<circle id="d5" class="st1" cx="258.6" cy="372.2" r="9"/>
    		</g>
    		<g id="dot6" class="st0">
    			<circle id="d6_1_" class="st1" cx="258.6" cy="261.2" r="9"/>
    			<ellipse id="d6" transform="matrix(0.1602 -0.9871 0.9871 0.1602 -68.4603 479.7346)" class="st1" cx="247.7" cy="280.1" rx="9" ry="9"/>
    		</g>
    	</g>
    	<g id="legs">
    		<g id="leg1" class="tri-bi-leg">
    			<line id="line11" style="display:none" class="st2" x1="325.6" y1="176.4" x2="325.6" y2="247.1"/>
    			<line id="line12" style="display:block" class="st2" x1="332.9" y1="176.4" x2="332.9" y2="247.1"/>
    			<line id="line13" style="display:none" class="st2" x1="339.7" y1="176.4" x2="339.7" y2="247"/>
    			<polygon id="lineZone1" class="st3" points="323.8,176.3 341.5,176.3 341.5,247 323.3,247 		"/>
    			<circle id="circle1" class="st4" cx="332.9" cy="105.8" r="54.5"/>
    		</g>

    		<g id="leg2" class="tri-bi-leg">
    			<line id="line21" style="display:none" class="st5" x1="398" y1="305.4" x2="468.6" y2="305.4"/>
    			<line id="line22" style="display:none" class="st5" x1="398" y1="312.2" x2="468.6" y2="312.2"/>
    			<line id="line23" style="display:none" class="st5" x1="398" y1="319" x2="468.6" y2="319"/>
    			<g>
    				<polygon id="frontline2" class="st6" points="468.6,305.4 468.6,319 398,312.2 			"/>
    				<circle id="circle2" class="st4" cx="532.9" cy="316.7" r="54.5"/>
    			</g>
    			<polygon id="lineZone2" class="st3" points="398,305.4 468.6,305.4 468.6,319 398,319		"/>
    		</g>
    		<g id="leg3" class="tri-bi-leg">
    			<line id="line31" style="display:none" class="st2" x1="340.2" y1="457" x2="340.2" y2="386.3"/>
    			<line id="line32" style="display:block" class="st2" x1="332.9" y1="457" x2="332.9" y2="386.3"/>
    			<line id="line33" style="display:none" class="st2" x1="326.1" y1="457" x2="326.1" y2="386.4"/>
    			<polygon id="lineZone3" class="st3" points="342,457.1 324.3,457.1 324.3,386.4 342.5,386.4 		"/>
    			<circle id="circle3" class="st4" cx="332.9" cy="527.6" r="54.5"/>
    		</g>
    		<g id="leg4" class="tri-bi-leg">
    			<line id="line11_4_" style="display:none" class="st5" x1="215" y1="393.2" x2="276.3" y2="357.8"/>
    			<line id="line12_4_" style="display:none" class="st5" x1="211.4" y1="386.9" x2="272.6" y2="351.5"/>
    			<line id="line13_4_" style="display:none" class="st5" x1="208" y1="381" x2="269.1" y2="345.7"/>
    			<g>
    				<polygon id="frontline1_4_" class="st6" points="207,379.5 272.7,351.6 215.9,394.8 			"/>
    				<circle id="circle1_4_" class="st4" cx="150.3" cy="422.2" r="54.5"/>
    			</g>
    			<polygon id="lineZone4" class="st3" points="215.9,394.8 207,379.5 268.2,344.1 277.3,359.9 		"/>
    		</g>
    		<g id="leg5" class="tri-bi-leg">
    			<line id="line51" style="display:none" class="st5" x1="207.7" y1="252.9" x2="269" y2="288.2"/>
    			<line id="line52" style="display:none" class="st5" x1="211.4" y1="246.6" x2="272.6" y2="281.9"/>
    			<line id="line53" style="display:none" class="st5" x1="214.8" y1="240.7" x2="275.9" y2="276"/>
    			<g id="backline5">
    				<polygon class="st6" points="215.6,239.1 216.8,240 208.2,255 206.8,254.4 			"/>
    				<polygon class="st6" points="219.5,242 222,243.9 214.2,257.5 211.3,256.2 			"/>
    				<polygon class="st6" points="224.6,245.9 227.2,247.8 220.2,259.9 217.2,258.8 			"/>
    				<polygon class="st6" points="229.8,249.8 232.4,251.8 226.2,262.5 223.2,261.3 			"/>
    				<polygon class="st6" points="235,253.6 237.6,255.7 232.2,265 229.2,263.7 			"/>
    				<polygon class="st6" points="240.2,257.6 242.8,259.5 238.2,267.6 235.2,266.3 			"/>
    				<polygon class="st6" points="245.4,261.4 248,263.4 244.2,270 241.2,268.7 			"/>
    				<polygon class="st6" points="250.5,265.3 253.2,267.3 250.2,272.5 247.2,271.4 			"/>
    				<polygon class="st6" points="255.8,269.3 258.3,271.2 256.1,275 253.2,273.8 			"/>
    				<polygon class="st6" points="261.1,273.1 263.6,275.2 262.2,277.5 259.2,276.3 			"/>
    				<polygon class="st6" points="266.1,277.1 268.8,279 268.1,280.1 265.1,278.9 			"/>
    				<polygon class="st6" points="271.3,281 272.6,282 271.1,281.4 			"/>
    			</g>
    			<polygon id="lineZone5" class="st3" points="206.8,254.4 215.6,239.1 276.8,274.4 267.7,290.2 		"/>
    			<circle id="circle5" class="st4" cx="150.3" cy="211.2" r="54.5"/>
    		</g>
    	</g>
    	<circle id="circleMain" class="st4" cx="332.9" cy="316.7" r="54.5"/>
    </svg>
    <p id='tri-bi1' class='tri-bi-atom' style='left: 210px; top: 198px;'></p>
    <p id='tri-bi2' class='tri-bi-atom' style='left: 210px; top: 39px;'></p>
    <p id='tri-bi3' class='tri-bi-atom' style='left: 360px; top: 198px;'></p>
    <p id='tri-bi4' class='tri-bi-atom' style='left: 210px; top: 355px;'></p>
    <p id='tri-bi5' class='tri-bi-atom' style='left: 73px; top: 277px;'></p>
    <p id='tri-bi6' class='tri-bi-atom' style='left: 73px; top: 119px;'></p>
  </div>
  <img class="bracket-right" id="bracketRight" src="__BASE_URI__chemTool/rightBrace.svg">
  <span class="chargeSign" style="font-size:40px;" id="charge"></span>

 <span><button class="submit-hide" id="clear-btn" title="Clear canvas" onclick="clearCanvas()">&#128472; Clear</button></span>

</div>

<h3 style="margin-top:1rem">Step 3 - Select molecular geometry</h3>

<label for="mol-geometry">Select geometry:</label>
  <select class="select-css submit-hide" name="mol-geometry" id="mol-geometry">
    <option value="tri-bi">Trigonal pyramidal</option>
	<option value="tri-planar">Trigonal Planar</option>
	<option value="linear">Linear</option>
	<option value="tetrahedral">Tetrahedral</option>
    <option value="octahedral">Octahedral</option>
	<option value="square-planar">Square Planar</option>
	<option value="square-pyramidal">Square Pyramidal</option>
	<option value="see-saw">See-Saw</option>
	<option value="t-shaped">T-shaped</option>
	<option value="bent">Bent</option>
  </select>

<div id="fb" class="submit-hide">

<div class="bottom-buttons submit-hide" style="display:block">
<button id="submit-btn" onclick="getResponse()">Submit</button>
	<button id="try-btn" onclick="refreshPage()">Try Another</button>
</div>


</div>  ]]></questionHtml>
          <questionCss><![CDATA[  #fb1, #fb2, #fb3, #fb4, #fb5 {
    margin-left:2rem;
}

#shellDiv {
    min-width:400px;
    height:480px;
}

#corr_img {
    max-width:460px;
}

.chargeSign {
    font-size:40px;
    margin-left:-8px;
    margin-top:-13px;
    display:none;
}

#bracketLeft, #bracketRight {
    display:none;
}

.bracket-left {
    height: 440px;
    position: absolute;
    left: 35px;
    margin-top: 15px;
}

.bracket-right {
    height: 440px;
    position: absolute;
    margin-left: 320px;
    margin-top: 15px;
}

#clear-btn {
    margin-top: 43rem;
    color:darkred;
    background-color:white;
    width:75px;
    height:40px;
    font-size:14px;
    border: 1px solid darkred;
    border-radius:4px;
}

#clear-btn:hover {
    color:red;
    border: 1px solid red;
}

#pair {
    font-size:28px;
}

.feedback span, .feedback p {
    font-size: 14px;
}

.feedback {
    display: none;
}

#feedback6 .shell {
    zoom: 0.65;
    -moz-transform: scale(0.5);
    margin-left:1rem;
    max-width:560px;
}

.shell img {
    max-width:560px;
}

svg{
  width: 500px;
  height: auto;
}

.element-table {
  cursor: pointer;
  font-size:16px;
  color:black;
}

label {
    font-size:16px;
}

st1, rect, #dots g{
  cursor: pointer;
}

p, td {
   font-family: 'Source Sans Pro', sans-serif;
    font-size: 18px;
    color:#333333;
    line-height: 26px; margin: 0 0 24px;
}

p {
    font-size: 16px;
}

h1 {
  color: #f1f1f1;
  font-family: 'Source Sans Pro', sans-serif;
  margin:auto;
  padding-top: 1rem;
  padding-bottom: 1rem;
  text-align: center;
  font-size: 28px;
}

h3 { color: #000080; font-family: 'Source Sans Pro', sans-serif; font-size: 28px; font-weight: 400; line-height: 32px; margin: 0 0 24px; margin-top:5rem;}

.content {
  width: 100%;
}

table {
    border-collapse: collapse;
    margin-top: 2rem;
    margin-bottom: 2rem;
    min-width:500px
}

#element-table {
  display: flex;
}

#fb {
  margin-top: 1em;
  display: block;
  text-align: center;
}

#feedback {
  margin: auto;
  font-size: 20px;
}

.shell {
  display: flex;
  justify-content: center;
  border: 1px solid #000080;
  border-radius: 8px;
  margin-bottom: 5rem;
}

.step2 {
  display: flex;
  position: relative;
  user-select: none;
}

.step2 > p{
  width: 80px;
  height: 80px;
  border-radius: 50%;
  position: absolute;
  display: inline-flex;
  align-items: center;
  justify-content: center;
  font-size: 40px;
  cursor: pointer;
  user-select: none;
}


.bottom-buttons {
  display:block;
  margin-top: 2.4em;
  margin-bottom: 2em;
  max-width: 800px;
  display: flex;
}


.bottom-buttons button {
  background-color: #008CBA;
  border: none;
  color: white;
  padding: 13px 30px;
  text-align: center;
  text-decoration: none;
  display: inline-block;
  font-size: 18px;
  margin-bottom: 5em;
  border-radius: 4px;
  cursor: pointer;
  margin-left:5px;
}

.dropBox {
  text-align:center;
  padding-top:9px;
  max-height:35px;
  border-radius: 50%;
}

#step2-linear, #step2-tri-planar, #step2-tetrahedral, #trigonalbi {
  display: none;
}

/* class applies to select element itself, not a wrapper element */
.select-css {
  display: block;
  font-size: 16px;
  font-family: sans-serif;
  font-weight: 700;
  color: #444;
  line-height: 1.3;
  padding: .6em 1.4em .5em .8em;
  width: 100%;
  max-width: 100%; /* useful when width is set to anything other than 100% */
  box-sizing: border-box;
  margin-top: 1rem;
  margin-bottom: 1.8rem;
  border: 1px solid #aaa;
  box-shadow: 0 1px 0 1px rgba(0,0,0,.04);
  border-radius: .5em;
  -moz-appearance: none;
  -webkit-appearance: none;
  appearance: none;
  background-color: #fff;
  user-select: none;
  /* note: bg image below uses 2 urls. The first is an svg data uri for the arrow icon, and the second is the gradient.
    for the icon, if you want to change the color, be sure to use `%23` instead of `#`, since it's a url. You can also swap in a different svg icon or an external image reference

  */
  background-image: url('data:image/svg+xml;charset=US-ASCII,%3Csvg%20xmlns%3D%22http%3A%2F%2Fwww.w3.org%2F2000%2Fsvg%22%20width%3D%22292.4%22%20height%3D%22292.4%22%3E%3Cpath%20fill%3D%22%23007CB2%22%20d%3D%22M287%2069.4a17.6%2017.6%200%200%200-13-5.4H18.4c-5%200-9.3%201.8-12.9%205.4A17.6%2017.6%200%200%200%200%2082.2c0%205%201.8%209.3%205.4%2012.9l128%20127.9c3.6%203.6%207.8%205.4%2012.8%205.4s9.2-1.8%2012.8-5.4L287%2095c3.5-3.5%205.4-7.8%205.4-12.8%200-5-1.9-9.2-5.5-12.8z%22%2F%3E%3C%2Fsvg%3E'),
    linear-gradient(to bottom, #ffffff 0%,#e5e5e5 100%);
  background-repeat: no-repeat, repeat;
  /* arrow icon position (1em from the right, 50% vertical) , then gradient position*/
  background-position: right .7em top 50%, 0 0;
  /* icon size, then gradient */
  background-size: .65em auto, 100%;
}
/* Hide arrow icon in IE browsers */
.select-css::-ms-expand {
  display: none;
}
/* Hover style */
.select-css:hover {
  border-color: #888;
}
/* Focus style */
.select-css:focus {
  border-color: #aaa;
  /* It'd be nice to use -webkit-focus-ring-color here but it doesn't work on box-shadow */
  box-shadow: 0 0 1px 3px rgba(59, 153, 252, .7);
  box-shadow: 0 0 0 3px -moz-mac-focusring;
  color: #222;
  outline: none;
}

/* Set options to normal weight */
.select-css option {
  font-weight:normal;
}

/* Support for rtl text, explicit support for Arabic and Hebrew */
*[dir="rtl"] .select-css, :root:lang(ar) .select-css, :root:lang(iw) .select-css {
  background-position: left .7em top 50%, 0 0;
  padding: .6em .8em .5em 1.4em;
}

/* Disabled styles */
.select-css:disabled, .select-css[aria-disabled=true] {
  color: graytext;
  background-image: url('data:image/svg+xml;charset=US-ASCII,%3Csvg%20xmlns%3D%22http%3A%2F%2Fwww.w3.org%2F2000%2Fsvg%22%20width%3D%22292.4%22%20height%3D%22292.4%22%3E%3Cpath%20fill%3D%22graytext%22%20d%3D%22M287%2069.4a17.6%2017.6%200%200%200-13-5.4H18.4c-5%200-9.3%201.8-12.9%205.4A17.6%2017.6%200%200%200%200%2082.2c0%205%201.8%209.3%205.4%2012.9l128%20127.9c3.6%203.6%207.8%205.4%2012.8%205.4s9.2-1.8%2012.8-5.4L287%2095c3.5-3.5%205.4-7.8%205.4-12.8%200-5-1.9-9.2-5.5-12.8z%22%2F%3E%3C%2Fsvg%3E'),
    linear-gradient(to bottom, #ffffff 0%,#e5e5e5 100%);
}

.select-css:disabled:hover, .select-css[aria-disabled=true] {
  border-color: #aaa;
}


/* Style the header */
.header {
  padding: 10px 16px;
  background: #008CBA;;
  color: #f1f1f1;
  width:100%;
  margin-bottom: 1rem;
}

.content {
    min-width:600px;
}  ]]></questionCss>
          <questionJavascript><![CDATA[  var submitAns = false;

function initialize(interactiveMode) {
	/*Called when the question is being initialized.
	interactiveMode:	if it is true, interaction is allowed on question.
	*/
	if (interactiveMode!==false) {
		if (target) {
			 document.getElementById("variationMol").innerHTML = molecules[targetInd];
		}
		else {
			document.getElementById("variationMol").innerHTML = molecules[rand];
       
		}
    }
    else {
        submitAns = true;
    }
};

function setFeedback(response, answer) {
	/* called when response or answer is going to 
	be rendered.
	response: 	student's response of question.
	answer: 	correct answer of question.*/
	
	/*
	For testing:
	console.log(response, answer, submitAns);
	console.log(answer!=null);
	*/
	
	/*If nothing is entered or submitted, this function runs*/ 
    if (response === 'No answer' && answer === null) {
        console.log("loaded");
    }
    
    /*If Question is submitted*/
    if (submitAns) {
        /* hide elements */
        var h = document.querySelectorAll(".submit-hide");
        for (var i = 0; i < h.length; i++) {
            h[i].style.display = "none";
        }
        /* Get student response variable and parse JSON */
        var rans=JSON.parse(response);
        var sresponse=JSON.parse(rans[1]);
        var correct=JSON.parse(rans[2]);
        console.log("Student response:");
        console.log(sresponse);
        /* get html (stringified) diagram of molecule 
        append to feedback */
        var shell = jQuery(rans[3]);
        var el = jQuery( "#feedback6" );
        el.html(rans[3]);
        document.getElementById("clear-btn").style.display="none";
        document.getElementById("bracketRight").style.marginLeft = "190px";

        /* Append name and forumla */ 
        document.getElementById("feedback0a").innerHTML = sresponse[2]["Formula"];
        document.getElementById("feedback0b").innerHTML = sresponse[2]["Name"];
        /* Append submitted geometries and check for match */
        document.getElementById("feedback1").innerHTML = sresponse[0];
        setColor("1", sresponse[0], correct[0]);
        
        document.getElementById("feedback2").innerHTML = sresponse[1];
        setColor("2", sresponse[1], correct[1]);
        /* Append submitted central atom */
        document.getElementById("feedback3").innerHTML = sresponse[2]["Central Atom"];
        setColor("3", sresponse[2]["Central Atom"], correct[2]["Central Atom"]);
        /* Append submitted outer atoms */
        var elements=["C","H","N","O","P","S","F","B","Cl","Br","I","Xe","Be","Si"];
        var t = [];
        for (var k in sresponse[2]) {
            if (k.length<3 && k !== "x") {
                document.getElementById('feedback4').innerHTML = "atoms: ";
                if (k in correct[2] && correct[2][k]==sresponse[2][k]) {
                    t.push(1);
                } else {
                    t.push(0);
                }
            }
             
            if (k == "electron pair") {
                document.getElementById('feedback4').innerHTML = "electron pairs: ";
                if (correct[2][k]==sresponse[2][k]) {
                    t.push(1);
                } else {
                    t.push(0);
                }
            }
        }
        
        if (t.includes(0)) {
            setColor("4", 1, 0);
        }
        else {
            setColor("4", 1, 1);
        }
        
        /* Append submitted bond numbers */
        var u = [];
        for (var k in sresponse[2]) {
            if (k == "single" || k == "double" || k == "triple") {
                document.getElementById('feedback5').innerHTML = "bonds: ";
                if (correct[2][k]==sresponse[2][k]) {
                    u.push(1);
                } else {
                    u.push(0);
                }
            }
        }
        
        if (u.includes(0)) {
            setColor("5", 1, 0);
        }
        else {
            setColor("5", 1, 1);
        }
        
        
        /* display feedback elements */
        var f = document.querySelectorAll(".feedback");
        for (var i = 0; i < f.length; i++) {
            f[i].style.display = "block";
        }  
        
        /* function for adding correct/incorrect feedback */
        function setColor(id, res, cor) {
            var x = document.createElement("span");
            x.setAttribute("id", "fb"+id);
            var fb = document.getElementById('feedback'+id);
            fb.appendChild(x);
            var f = document.getElementById("fb"+id);
            if (res==cor) {
                f.innerHTML = " Correct.";
                f.style.color = "green";
            }
            else {
                f.innerHTML = " Incorrect.";
                f.style.color = "red";
            }
        }
    }
	    
    if (response !== "No answer" && answer != null) {
        /* hide elements */
        var h = document.querySelectorAll(".submit-hide");
        for (var i = 0; i < hide.length; i++) {
            h[i].style.display = "none";
        } 
        document.getElementById("clear-btn").style.display="none";
        /* get correct variable */
        var rcor=JSON.parse(response);
        var correct=JSON.parse(rcor[2]);
        console.log("Correct:");
        console.log(correct);
        
        var xi = document.createElement("IMG");
        var sd = document.createElement("div");
        var f = correct[2]["Formula"].replace("^+","");
        f = f.replace("^-","");
        var src="__BASE_URI__chemTool/"+f+".png";
        xi.setAttribute("src", src);
        xi.setAttribute("id", "corr_img");
        sd.setAttribute("class", "shell");
        sd.setAttribute("id", "shellDiv");
        var fb6 = document.getElementById('feedback6');
        fb6.removeChild(fb6.childNodes[0]);
        fb6.appendChild(sd);
        var sh = document.getElementById('shellDiv');
        sh.appendChild(xi);
    
      
        /* Append name and formula */
        document.getElementById("feedback0a").innerHTML = correct[2]["Formula"];
        document.getElementById("feedback0b").innerHTML = correct[2]["Name"];
        /* Append correct geometries */
        document.getElementById("feedback1").innerHTML = correct[0];
        document.getElementById("feedback2").innerHTML = correct[1];
        /* Append correct atom */
        document.getElementById("feedback3").innerHTML = correct[2]["Central Atom"];
        /* Append correct outer atoms */
        document.getElementById('feedback4').innerHTML = "";
        
		
		/*
		for (var k in correct[2]) {
            if (k.length<3 && k !== "x") {
                
                document.getElementById('feedback4').innerHTML += "Outer atoms " + "&nbsp;&nbsp;&nbsp;";
            }
        }
		*/
        /* Append correct bond numbers */
        document.getElementById('feedback5').innerHTML = "";
        /*
		for (var k in correct[2]) {
            if (k == "single" || k == "double" || k == "triple") {
                document.getElementById('feedback5').innerHTML += "Bonds ";
            }
            if (k == "electron pair") {
                document.getElementById('feedback4').innerHTML += "Electron pairs ";
            }
        } */
        /* show feedback*/
        /*
		var f = document.querySelectorAll(".feedback");
        for (var i = 0; i < f.length; i++) {
            f[i].style.display = "block";
        } */
    }
    
    /*If Quit/Save button is clicked this function runs on reload*/

    if (response != "No answer" && answer === null) {
        console.log("quit/save");
    }
}

function getResponse() {
	/*called when grade button is clicked,
	to retrieve back student's response.*/
	/*Your code starts from here:*/
	
	submit();
	
    var grades = [];
    var correct = [];
    var answers = [];
    
    if (responseS["electron pair Geometry"]==answerS["electron pair Geometry"]) {
        grades.push('.25');
    }
    else {
        grades.push('0');
    }
    
    if (responseS["Molecular Geometry"]==answerS["Molecular Geometry"]) {
        grades.push(".25");
    }
    else {
        grades.push("0");
    }
    
    answers.push(responseS["electron pair Geometry"]);
    correct.push(answerS["electron pair Geometry"]);
    
    answers.push(responseS["Molecular Geometry"]);
    correct.push(answerS["Molecular Geometry"]);
    
    delete answerS["electron pair Geometry"];
    delete responseS["electron pair Geometry"];
    
    delete answerS["Molecular Geometry"];
    delete responseS["Molecular Geometry"];
	
	console.log(responseS);
	console.log(answerS);
	
	if (mol="HCN") {
		console.log("HCN");
	}
    
    if (isEquivalent(answerS, responseS)) {
		grades.push('.25');
		grades.push('.25');
		console.log("match");

	} else {
		grades.push('0');
		grades.push('0');
		console.log("no match");
	}
	
    answers.push(responseS);
    correct.push(answerS);
    
    /* array final will be returned */
    var final = [];
    final.push(grades);
    final.push(JSON.stringify(answers));
    final.push(JSON.stringify(correct));
    
    /* copy shell for display in feedback */
    var shell = document.getElementById("shellDiv");
    var strShell = shell.outerHTML;
    final.push(strShell);

    return JSON.stringify(final);
 };

/*Additional functions start from here*/

/* Json data and molecules 
DO NOT edit unless adding or removing molecules
If adding new molecule, add to beginning or end of each list
If removing, be sure to remove from each.
*/

var data = '[     {        "Formula":"NH_3",        "Name":"Ammonia",        "electron pair Geometry":"Tetrahedral",        "Central Atom":"N",        "Terminal Atom 1":"electron pair",        "Bond 1":"x",        "Terminal Atom 2":"H",        "Bond 2":"single",        "Terminal Atom 3":"H",        "Bond 3":"single",        "Terminal Atom 4":"H",        "Bond 4":"single",        "Terminal Atom 5":"none",        "Bond 5":"none",        "Terminal Atom 6":"none",        "Bond 6":"none",        "Molecular Geometry":"Trigonal pyramidal"     },     {        "Formula":"NF_3",        "Name":"Nitrogen trifluoride",        "electron pair Geometry":"Tetrahedral",        "Central Atom":"N",        "Terminal Atom 1":"electron pair",        "Bond 1":"x",        "Terminal Atom 2":"F",        "Bond 2":"single",        "Terminal Atom 3":"F",        "Bond 3":"single",        "Terminal Atom 4":"F",        "Bond 4":"single",        "Terminal Atom 5":"none",        "Bond 5":"none",        "Terminal Atom 6":"none",        "Bond 6":"none",        "Molecular Geometry":"Trigonal pyramidal"     },     {        "Formula":"CCl_4",        "Name":"Carbon tetrachloride",        "electron pair Geometry":"Tetrahedral",        "Central Atom":"C",        "Terminal Atom 1":"Cl",        "Bond 1":"single",        "Terminal Atom 2":"Cl",        "Bond 2":"single",        "Terminal Atom 3":"Cl",        "Bond 3":"single",        "Terminal Atom 4":"Cl",        "Bond 4":"single",        "Terminal Atom 5":"none",        "Bond 5":"none",        "Terminal Atom 6":"none",        "Bond 6":"none",        "Molecular Geometry":"Tetrahedral"     },     {        "Formula":"CO_2",        "Name":"Carbon Dioxide",        "electron pair Geometry":"Linear",        "Central Atom":"C",        "Terminal Atom 1":"O",        "Bond 1":"double",        "Terminal Atom 2":"O",        "Bond 2":"double",        "Terminal Atom 3":"none",        "Bond 3":"none",        "Terminal Atom 4":"none",        "Bond 4":"none",        "Terminal Atom 5":"none",        "Bond 5":"none",        "Terminal Atom 6":"none",        "Bond 6":"none",        "Molecular Geometry":"Linear"     },     {        "Formula":"H_2O",        "Name":"Water",        "electron pair Geometry":"Tetrahedral",        "Central Atom":"O",        "Terminal Atom 1":"electron pair",        "Bond 1":"x",        "Terminal Atom 2":"electron pair",        "Bond 2":"x",        "Terminal Atom 3":"H",        "Bond 3":"single",        "Terminal Atom 4":"H",        "Bond 4":"single",        "Terminal Atom 5":"none",        "Bond 5":"none",        "Terminal Atom 6":"none",        "Bond 6":"none",        "Molecular Geometry":"Bent"     },     {        "Formula":"BF_3",        "Name":"Boron trifluoride",        "electron pair Geometry":"Trigonal planar",        "Central Atom":"B",        "Terminal Atom 1":"F",        "Bond 1":"single",        "Terminal Atom 2":"F",        "Bond 2":"single",        "Terminal Atom 3":"F",        "Bond 3":"double",        "Terminal Atom 4":"none",        "Bond 4":"none",        "Terminal Atom 5":"none",        "Bond 5":"none",        "Terminal Atom 6":"none",        "Bond 6":"none",        "Molecular Geometry":"Trigonal planar"     },     {        "Formula":"BCl_3",        "Name":"Boron Trichloride",        "electron pair Geometry":"Trigonal planar",        "Central Atom":"B",        "Terminal Atom 1":"Cl",        "Bond 1":"single",        "Terminal Atom 2":"Cl",        "Bond 2":"single",        "Terminal Atom 3":"Cl",        "Bond 3":"single",        "Terminal Atom 4":"none",        "Bond 4":"none",        "Terminal Atom 5":"none",        "Bond 5":"none",        "Terminal Atom 6":"none",        "Bond 6":"none",        "Molecular Geometry":"Trigonal planar"     },     {        "Formula":"CClF_3",        "Name":"Chlorotrifluoromethane",        "electron pair Geometry":"Tetrahedral",        "Central Atom":"C",        "Terminal Atom 1":"Cl",        "Bond 1":"single",        "Terminal Atom 2":"F",        "Bond 2":"single",        "Terminal Atom 3":"F",        "Bond 3":"single",        "Terminal Atom 4":"F",        "Bond 4":"single",        "Terminal Atom 5":"none",        "Bond 5":"none",        "Terminal Atom 6":"none",        "Bond 6":"none",        "Molecular Geometry":"Tetrahedral"     },     {        "Formula":"SiCl_4",        "Name":"Silicon Tetrachloride",        "electron pair Geometry":"Tetrahedral",        "Central Atom":"Si",        "Terminal Atom 1":"Cl",        "Bond 1":"single",        "Terminal Atom 2":"Cl",        "Bond 2":"single",        "Terminal Atom 3":"Cl",        "Bond 3":"single",        "Terminal Atom 4":"Cl",        "Bond 4":"single",        "Terminal Atom 5":"none",        "Bond 5":"none",        "Terminal Atom 6":"none",        "Bond 6":"none",        "Molecular Geometry":"Tetrahedral"     },     {        "Formula":"CH_4",        "Name":"Methane",        "electron pair Geometry":"Tetrahedral",        "Central Atom":"C",        "Terminal Atom 1":"H",        "Bond 1":"single",        "Terminal Atom 2":"H",        "Bond 2":"single",        "Terminal Atom 3":"H",        "Bond 3":"single",        "Terminal Atom 4":"H",        "Bond 4":"single",        "Terminal Atom 5":"none",        "Bond 5":"none",        "Terminal Atom 6":"none",        "Bond 6":"none",        "Molecular Geometry":"Tetrahedral"     }, {        "Formula":"CH_3Cl",        "Name":"Chloromethane",        "electron pair Geometry":"Tetrahedral",        "Central Atom":"C",        "Terminal Atom 1":"H",        "Bond 1":"single",        "Terminal Atom 2":"H",        "Bond 2":"single",        "Terminal Atom 3":"H",        "Bond 3":"single",        "Terminal Atom 4":"Cl",        "Bond 4":"single",        "Terminal Atom 5":"none",        "Bond 5":"none",        "Terminal Atom 6":"none",        "Bond 6":"none",        "Molecular Geometry":"Tetrahedral"     },     {        "Formula":"H_2S",        "Name":"Hydrogen Sulfide",        "electron pair Geometry":"Tetrahedral",        "Central Atom":"S",        "Terminal Atom 1":"H",        "Bond 1":"single",        "Terminal Atom 2":"H",        "Bond 2":"single",        "Terminal Atom 3":"electron pair",        "Bond 3":"x",        "Terminal Atom 4":"electron pair",        "Bond 4":"x",        "Terminal Atom 5":"none",        "Bond 5":"none",        "Terminal Atom 6":"none",        "Bond 6":"none",        "Molecular Geometry":"Bent"     },     {        "Formula":"PF_3",        "Name":"Phosphorus Trifluoride",        "electron pair Geometry":"Tetrahedral",        "Central Atom":"P",        "Terminal Atom 1":"F",        "Bond 1":"single",        "Terminal Atom 2":"F",        "Bond 2":"single",        "Terminal Atom 3":"F",        "Bond 3":"single",        "Terminal Atom 4":"electron pair",        "Bond 4":"x",        "Terminal Atom 5":"none",        "Bond 5":"none",        "Terminal Atom 6":"none",        "Bond 6":"none",        "Molecular Geometry":"Trigonal pyramidal"     },     {        "Formula":"CF_4",        "Name":"Carbon Tetrafluoride",        "electron pair Geometry":"Tetrahedral",        "Central Atom":"C",        "Terminal Atom 1":"F",        "Bond 1":"single",        "Terminal Atom 2":"F",        "Bond 2":"single",        "Terminal Atom 3":"F",        "Bond 3":"single",        "Terminal Atom 4":"F",        "Bond 4":"single",        "Terminal Atom 5":"none",        "Bond 5":"none",        "Terminal Atom 6":"none",        "Bond 6":"none",        "Molecular Geometry":"Tetrahedral"     }, {        "Formula":"CH_2Cl_2",        "Name":"Dichloromethane",        "electron pair Geometry":"Tetrahedral",        "Central Atom":"C",        "Terminal Atom 1":"H",        "Bond 1":"single",        "Terminal Atom 2":"H",        "Bond 2":"single",        "Terminal Atom 3":"Cl",        "Bond 3":"single",        "Terminal Atom 4":"Cl",        "Bond 4":"single",        "Terminal Atom 5":"none",        "Bond 5":"none",        "Terminal Atom 6":"none",        "Bond 6":"none",        "Molecular Geometry":"Tetrahedral"     }, {        "Formula":"HCN",        "Name":"Hydrogen Cyanide",        "electron pair Geometry":"Linear",        "Central Atom":"C",        "Terminal Atom 1":"N",        "Bond 1":"triple",        "Terminal Atom 2":"H",        "Bond 2":"single",        "Terminal Atom 3":"none",        "Bond 3":"none",        "Terminal Atom 4":"none",        "Bond 4":"none",        "Terminal Atom 5":"none",        "Bond 5":"none",        "Terminal Atom 6":"none",        "Bond 6":"none",        "Molecular Geometry":"Linear"     },     {        "Formula":"CHCl_3",        "Name":"Chloroform",        "electron pair Geometry":"Tetrahedral",        "Central Atom":"C",        "Terminal Atom 1":"Cl",        "Bond 1":"single",        "Terminal Atom 2":"Cl",        "Bond 2":"single",        "Terminal Atom 3":"Cl",        "Bond 3":"single",        "Terminal Atom 4":"H",        "Bond 4":"single",        "Terminal Atom 5":"none",        "Bond 5":"none",        "Terminal Atom 6":"none",        "Bond 6":"none",        "Molecular Geometry":"Tetrahedral"     },     {        "Formula":"NH_4^+",        "Name":"Ammonium",        "electron pair Geometry":"Tetrahedral",        "Central Atom":"N",        "Terminal Atom 1":"H",        "Bond 1":"single",        "Terminal Atom 2":"H",        "Bond 2":"single",        "Terminal Atom 3":"H",        "Bond 3":"single",        "Terminal Atom 4":"H",        "Bond 4":"single",        "Terminal Atom 5":"none",        "Bond 5":"none",        "Terminal Atom 6":"none",        "Bond 6":"none",        "Molecular Geometry":"Tetrahedral"     },     {        "Formula":"CFCl_3",        "Name":"Trichlorofluoromethane",        "electron pair Geometry":"Tetrahedral",        "Central Atom":"C",        "Terminal Atom 1":"Cl",        "Bond 1":"single",        "Terminal Atom 2":"Cl",        "Bond 2":"single",        "Terminal Atom 3":"Cl",        "Bond 3":"single",        "Terminal Atom 4":"F",        "Bond 4":"single",        "Terminal Atom 5":"none",        "Bond 5":"none",        "Terminal Atom 6":"none",        "Bond 6":"none",        "Molecular Geometry":"Tetrahedral"     },     {        "Formula":"H_3O^+",        "Name":"Hydronium",        "electron pair Geometry":"Tetrahedral",        "Central Atom":"O",        "Terminal Atom 1":"H",        "Bond 1":"single",        "Terminal Atom 2":"H",        "Bond 2":"single",        "Terminal Atom 3":"H",        "Bond 3":"single",        "Terminal Atom 4":"electron pair",        "Bond 4":"x",        "Terminal Atom 5":"none",        "Bond 5":"none",        "Terminal Atom 6":"none",        "Bond 6":"none",        "Molecular Geometry":"Trigonal pyramidal"     },     {        "Formula":"BeCl_2",        "Name":"Beryllium Chloride",        "electron pair Geometry":"Linear",        "Central Atom":"Be",        "Terminal Atom 1":"Cl",        "Bond 1":"single",        "Terminal Atom 2":"Cl",        "Bond 2":"single",        "Terminal Atom 3":"none",        "Bond 3":"none",        "Terminal Atom 4":"none",        "Bond 4":"none",        "Terminal Atom 5":"none",        "Bond 5":"none",        "Terminal Atom 6":"none",        "Bond 6":"none",        "Molecular Geometry":"Linear"     },       {        "Formula":"NO_3^-",        "Name":"Nitrate",        "electron pair Geometry":"Trigonal planar",        "Central Atom":"N",        "Terminal Atom 1":"O",        "Bond 1":"double",        "Terminal Atom 2":"O",        "Bond 2":"single",        "Terminal Atom 3":"O",        "Bond 3":"single",        "Terminal Atom 4":"none",        "Bond 4":"none",        "Terminal Atom 5":"none",        "Bond 5":"none",        "Terminal Atom 6":"none",        "Bond 6":"none",        "Molecular Geometry":"Trigonal planar"     },     {        "Formula":"BrF_3",        "Name":"Bromine Trifluoride",        "electron pair Geometry":"Trigonal Bipyramidal",        "Central Atom":"Br",        "Terminal Atom 1":"F",        "Bond 1":"single",        "Terminal Atom 2":"F",        "Bond 2":"single",        "Terminal Atom 3":"F",        "Bond 3":"single",        "Terminal Atom 4":"electron pair",        "Bond 4":"x",        "Terminal Atom 5":"electron pair",        "Bond 5":"x",        "Terminal Atom 6":"none",        "Bond 6":"none",        "Molecular Geometry":"T-shaped"     },     {        "Formula":"ICl_4^-",        "Name":"Tetrachloroiodide",        "electron pair Geometry":"Octahedral",        "Central Atom":"I",        "Terminal Atom 1":"Cl",        "Bond 1":"single",        "Terminal Atom 2":"Cl",        "Bond 2":"single",        "Terminal Atom 3":"Cl",        "Bond 3":"single",        "Terminal Atom 4":"Cl",        "Bond 4":"single",        "Terminal Atom 5":"electron pair",        "Bond 5":"x",        "Terminal Atom 6":"electron pair",        "Bond 6":"x",        "Molecular Geometry":"Square planar"     },     {        "Formula":"XeF_2",        "Name":"Xenon Difluoride",        "electron pair Geometry":"Trigonal Bipyramidal",        "Central Atom":"Xe",        "Terminal Atom 1":"F",        "Bond 1":"single",        "Terminal Atom 2":"F",        "Bond 2":"single",        "Terminal Atom 3":"electron pair",        "Bond 3":"x",        "Terminal Atom 4":"electron pair",        "Bond 4":"x",        "Terminal Atom 5":"electron pair",        "Bond 5":"x",        "Terminal Atom 6":"none",        "Bond 6":"none",        "Molecular Geometry":"Linear"     },     {        "Formula":"BrF_5",        "Name":"Bromine Pentafluoride",        "electron pair Geometry":"Octahedral",        "Central Atom":"Br",        "Terminal Atom 1":"F",        "Bond 1":"single",        "Terminal Atom 2":"F",        "Bond 2":"single",        "Terminal Atom 3":"F",        "Bond 3":"single",        "Terminal Atom 4":"F",        "Bond 4":"single",        "Terminal Atom 5":"F",        "Bond 5":"single",        "Terminal Atom 6":"electron pair",        "Bond 6":"x",        "Molecular Geometry":"Square pyramidal"     },     {        "Formula":"SF_6",        "Name":"Sulfur Hexafluoride",        "electron pair Geometry":"Octahedral",        "Central Atom":"S",        "Terminal Atom 1":"F",        "Bond 1":"single",        "Terminal Atom 2":"F",        "Bond 2":"single",        "Terminal Atom 3":"F",        "Bond 3":"single",        "Terminal Atom 4":"F",        "Bond 4":"single",        "Terminal Atom 5":"F",        "Bond 5":"single",        "Terminal Atom 6":"F",        "Bond 6":"single",        "Molecular Geometry":"Octahedral"     },     {        "Formula":"SCl_6",        "Name":"Sulfur Hexachloride",        "electron pair Geometry":"Trigonal Bipyramidal",        "Central Atom":"S",        "Terminal Atom 1":"Cl",        "Bond 1":"single",        "Terminal Atom 2":"Cl",        "Bond 2":"single",        "Terminal Atom 3":"Cl",        "Bond 3":"single",        "Terminal Atom 4":"Cl",        "Bond 4":"single",        "Terminal Atom 5":"Cl",        "Bond 5":"single",        "Terminal Atom 6":"Cl",        "Bond 6":"single",        "Molecular Geometry":"Octahedral"     },     {        "Formula":"SCl_4",        "Name":"Sulfur tetrachloride",        "electron pair Geometry":"Trigonal Bipyramidal",        "Central Atom":"S",        "Terminal Atom 1":"Cl",        "Bond 1":"single",        "Terminal Atom 2":"Cl",        "Bond 2":"single",        "Terminal Atom 3":"Cl",        "Bond 3":"single",        "Terminal Atom 4":"Cl",        "Bond 4":"single",        "Terminal Atom 5":"electron pair",        "Bond 5":"x",        "Terminal Atom 6":"none",        "Bond 6":"none",        "Molecular Geometry":"See-Saw"     },     {        "Formula":"XeCl_4",        "Name":"Xenon tetrafluoride",        "electron pair Geometry":"Octahedral",        "Central Atom":"Xe",        "Terminal Atom 1":"F",        "Bond 1":"single",        "Terminal Atom 2":"F",        "Bond 2":"single",        "Terminal Atom 3":"F",        "Bond 3":"single",        "Terminal Atom 4":"F",        "Bond 4":"single",        "Terminal Atom 5":"electron pair",        "Bond 5":"x",        "Terminal Atom 6":"electron pair",        "Bond 6":"x",        "Molecular Geometry":"Square planar"     },     {        "Formula":"XeCl_4",        "Name":"Xenon tetrachloride",        "electron pair Geometry":"Octahedral",        "Central Atom":"Xe",        "Terminal Atom 1":"Cl",        "Bond 1":"single",        "Terminal Atom 2":"Cl",        "Bond 2":"single",        "Terminal Atom 3":"Cl",        "Bond 3":"single",        "Terminal Atom 4":"Cl",        "Bond 4":"single",        "Terminal Atom 5":"electron pair",        "Bond 5":"x",        "Terminal Atom 6":"electron pair",        "Bond 6":"x",        "Molecular Geometry":"Square planar"  }  ]';
var selected;
var moleculeVars = ['NH_3', 'NF_3', 'CCl_4', 'CO_2', 'H_2O', 'BF_3', 'BCl_3', 'CClF_3', 'SiCl_4', 'CH_4', 'CH_3Cl', 'H_2S', 'PF_3', 'CF_4', 'CH_2Cl_2', 'HCN', 'CHCl_3', 'NH_4^+', 'CFCl_3', 'H_3O^+', 'BeCl_2', 'NO_3^-', 'BrF_3', 'ICl_4^-', 'XeF_2', 'BrF_5', 'SF_6', 'SCl_6', 'SCl_4', 'XeCl_4', 'XeCl_4'];
var molecules = ['NH<sub>3</sub>', 'NF<sub>3</sub>', 'CCl<sub>4</sub>', 'CO<sub>2</sub>', 'H<sub>2</sub>O', 'BF<sub>3</sub>', 'BCl<sub>3</sub>', 'CClF<sub>3</sub>', 'SiCl<sub>4</sub>', 'CH<sub>4</sub>', 'CH<sub>3</sub>Cl', 'H<sub>2</sub>S', 'PF<sub>3</sub>', 'CF<sub>4</sub>', 'CH<sub>2</sub>Cl<sub>2</sub>', 'HCN', 'CHCl<sub>3</sub>', 'NH<sub>4</sub><sup>+</sup>', 'CFCl<sub>3</sub>', 'H<sub>3</sub>O</sub><sup>+</sup>', 'BeCl<sub>2</sub>', 'NO<sub>3</sub><sup>-</sup>', 'BrF<sub>3</sub>', 'ICl<sub>4</sub><sup>-</sup>', 'XeF<sub>2</sub>', 'BrF<sub>5</sub>', 'SCl<sub>6</sub>', 'SF<sub>6</sub>', 'SCl<sub>4</sub>', 'XeCl<sub>4</sub>', 'XeCl<sub>4</sub>'];
var structures = ["linear", "tri_planar-test", "tetrahedral-test", "trigonalbi-test", "octahedral-test"];

/* subsets of data by index with (min,max):  getRandomIntInclusive(min, max); */

/* All molecules: 
var rand = getRandomIntInclusive(0, molecules.length-1); 
*/

/* Partition thirds: 
var rand = getRandomIntInclusive(0, 10); 
var rand = getRandomIntInclusive(11, 22); 
var rand = getRandomIntInclusive(23, molecules.length-1); 
*/

var targetMols = ["HCN"];
const target = false;
/* var rand = Math.floor(Math.random() * targetMols.length); */
var mol;
var targetInd;

var rand = getRandomIntInclusive(0, molecules.length-1);
function getRandomIntInclusive(min, max) {
   /* If max out of range, assign new int */
  if (moleculeVars.indexOf(max) < 0) {
      max=moleculeVars.length - Math.floor(Math.random() * (molecules.length-1));
  }      
  min = Math.ceil(min);
  max = Math.floor(max);
  return Math.floor(Math.random() * (max - min + 1) + min);
 }

if (target) {
	mol = targetMols[rand];
	targetInd = moleculeVars.indexOf(mol);
	console.log(targetInd);
}
else {
	mol = moleculeVars[rand];
}

console.log(mol);
var m = JSON.parse(data);
var n;

var res = {};
var answerSS = {};
var responseSS = {};

for (var i = 0; i < m.length; i++) {
	if (mol == m[i]["Formula"]) {
		n = m[i];
	}
}


/* For testing: 
console log the jason object with correct molecule 
*/

console.log(n);

function refreshPage() {
	window.location.reload();
}

var atom = ' ';
var target_box;
var currentMolecule = 'tri-bi';

jQuery(document).ready(function () {
	displayMolecule(currentMolecule);
});

/* runs when step one dropdown changes */

function displayMolecule(value) {
	var molecules = document.querySelectorAll(".shell div");
	for (var i = 0; i < molecules.length; i++) {
		molecules[i].style.display = 'none';
	}
	currentMolecule = value;
	document.getElementById(value).style.display = 'block';
}

function clearCanvas() {

	var atoms = document.querySelectorAll("." + currentMolecule + "-atom");
	for (var i = 0; i < atoms.length; i++) {
		atoms[i].innerHTML = "";
		atoms[i].style.display = "";
	}

	var icons = document.querySelectorAll("#element-table button");
	for (var i = 0; i < icons.length; i++) {
		icons[i].style.backgroundColor = "";
	}

	var dots = document.querySelectorAll("#" + currentMolecule + ' #dots > g');
	for (var i = 0; i < dots.length; i++) {
		dots[i].style.display = 'none';
	}

	var x = document.querySelectorAll("svg > circle, g > circle, #legs > g");
	for (i = 0; i < x.length; i++) {
		x[i].style.display = 'block';
		x[i].style.fill = "";
	}

	answerS = {};
	responseS = {};
}

jQuery(document).ready(function () {
    
    /* check if cation/anion */

    if (mol.indexOf("-") > -1 || mol.indexOf("+") > -1 ) {
        console.log("charge");
        document.getElementById("bracketLeft").style.display = 'inline';
        document.getElementById("bracketRight").style.display = 'inline';
        
        var sign = mol[mol.length-1];
        document.getElementById("charge").innerHTML = sign;
        document.getElementById("charge").style.display = 'inline';
    }

	/* Runs everytime the atom selection buttons are pressed */

	jQuery("#element-table button").click(function () {
		atom = this.id;

		var icons = document.querySelectorAll("#element-table button");
		for (var i = 0; i < icons.length; i++) {
			icons[i].style.backgroundColor = "";
		}
		document.getElementById(atom).style.backgroundColor = "#FBFB92";

		var x = document.querySelectorAll("svg > circle, #legs circle");

		for (i = 0; i < x.length; i++) {
			x[i].style.fill = "#FBFB92";
			x[i].style.cursor = "pointer";
		}

	});

	/* Runs everytime the molecule placeholders are pressed (aka the big circles) */
	jQuery(".step2 p").click(function (e) {
		target_box = this.id;
		target_box = target_box.match(/(\d+)/);
		target_box = parseFloat(target_box[0]);
		if (atom != "pair") {

			document.querySelectorAll("#" + currentMolecule + " p")[target_box - 1].innerHTML = atom;
		} else if (atom == "pair" && target_box != 1) {

			document.querySelectorAll("#" + currentMolecule + ' #legs > g')[target_box - 2].style.display = 'none';
			document.querySelectorAll("#" + currentMolecule + " p")[target_box - 1].style.display = 'none';
			document.querySelectorAll("#" + currentMolecule + ' #dots > g')[target_box - 2].style.display = 'inline-flex';
		}
	});

	/* Runs everytime the lone pairs are pressed (aka the dots) */
	jQuery("#dots > g").click(function (e) {

		var dotId = this.id;
		dotId = dotId.match(/(\d+)/);
		dotId = parseFloat(dotId[0]);

		var legs = document.querySelectorAll("#" + currentMolecule + " #legs > g");

		legs[(dotId - 1)].style.display = 'block';

		document.querySelectorAll("#" + currentMolecule + " p")[dotId].style.display = 'inline-flex';
		if (atom != "pair") {
			document.querySelectorAll("#" + currentMolecule + " p")[dotId].innerHTML = atom;
		}
		document.querySelectorAll("#" + currentMolecule + ' #dots > g')[dotId - 1].style.display = 'none';

	});

	/* Runs everytime a molecules bonds are pressed (aka the 1 - 3 lines) */

	jQuery("#legs > g > polygon").click(function (e) {

		var displayCount = 0;
		var groupId = this.id;
		groupNum = groupId.match(/(\d+)/);
		groupNum = parseFloat(groupNum[0]);

		var lines = document.querySelectorAll("#" + currentMolecule + " #legs #leg" + groupNum + ' line');

		var polygons = document.querySelectorAll("#" + currentMolecule + " #legs #leg" + groupNum + ' > g > polygon');
		var amount = polygons.length;

		for (var i = 0; i < lines.length; i++) {
			if (lines[i].style.display == 'block') {
				displayCount++;
			}
		}
		if (amount == 0) {
			switch (displayCount) {
				case 1:
					lines[0].style.display = 'block';
					lines[1].style.display = 'none';
					lines[2].style.display = 'block';
					break;
				case 2:
					lines[1].style.display = 'block';
					break;
				case 3:
					lines[0].style.display = 'none';
					lines[2].style.display = 'none';
					break;
				default:
					lines[0].style.display = 'none';
					lines[1].style.display = 'block';
					lines[2].style.display = 'none';
			}
		} else {
			switch (displayCount) {
				case 1:
					lines[0].style.display = 'block';
					lines[1].style.display = 'none';
					lines[2].style.display = 'block';
					break;
				case 2:
					lines[1].style.display = 'block';
					break;
				case 3:
					for (var i = 0; i < amount; i++) {
						polygons[i].style.display = 'block';
					}
					lines[0].style.display = 'none';
					lines[1].style.display = 'none';
					lines[2].style.display = 'none';
					break;
				default:
					for (var i = 0; i < amount; i++) {
						polygons[i].style.display = 'none';
					}
					lines[0].style.display = 'block';
					lines[2].style.display = 'block';
			}
		}

	});

});


/* runs when the "Submit" button is clicked */

function submit() {
	answerS = {};
	responseS = {};
	var getAtoms = [];
	var atoms = document.querySelectorAll("." + currentMolecule + "-atom");
	for (var i = 0; i < 7; i++) {
		if (i >= atoms.length) {
			getAtoms.push("none");
		} else {
			var a = atoms[i].innerHTML;
			if (a.length < 1) {
				getAtoms.push("electron pair");
			} else {
				getAtoms.push(a);
			}
		}
	}

	res["Central Atom"] = getAtoms[0];
	responseS["Central Atom"] = getAtoms[0];
	for (var i = 1; i < getAtoms.length; i++) {
		var a;
		if (getAtoms[i] == "none") {
			a = "no atom";
		} else {
			a = getAtoms[i];
		}

		if (a in responseS) {
			responseS[a] += 1;
		} else {
			responseS[a] = 1;
		}
	}

	res["Terminal Atom 6"] = getAtoms[6];
	res["Terminal Atom 5"] = getAtoms[5];
	res["Terminal Atom 4"] = getAtoms[4];
	res["Terminal Atom 3"] = getAtoms[3];
	res["Terminal Atom 2"] = getAtoms[2];
	res["Terminal Atom 1"] = getAtoms[1];

	var legs = document.querySelectorAll("." + currentMolecule + "-leg");
	nums = [];
	for (var k = 0; k < 6; k++) {
		if (k >= legs.length) {
			nums.push("none");
		} else {
			var ch = legs[k].children;
			var num = 0;
			for (var m = 0; m < ch.length; m++) {

				var i = ch[m].id;

				if (i.includes("line") && i.includes("Zone") == false) {
					var s = ch[m].getAttribute("style");

					if (s !== null && s.includes("block")) {
						num += 1;
					}
				}
			}
			nums.push(num);
		}
	}

	for (var i = 0; i < 7; i++) {
		if (getAtoms[i] == "electron pair") {
			nums[i - 1] = 'x';
		}
		if (nums[i] < 2) {
			nums[i] = "single";
		}
		if (nums[i] == 2) {
			nums[i] = "double";
		}
		if (nums[i] == 3) {
			nums[i] = "triple";
		}
	}

	for (var i = 0; i < nums.length; i++) {

		var b;

		if (nums[i] == "none") {
			b = "no bond";
		} else {
			b = nums[i];
		}

		if (b in responseS) {
			responseS[b] += 1;
		} else {
			responseS[b] = 1;
		}

	}

	res["Bond 1"] = nums[0];
	res["Bond 2"] = nums[1];
	res["Bond 3"] = nums[2];
	res["Bond 4"] = nums[3];
	res["Bond 5"] = nums[4];
	res["Bond 6"] = nums[5];

	var molGeo = document.getElementById("mol-geometry");
	var g = molGeo.value;

	var gnames = ["tri-bi", "tri-planar", "linear", "tetrahedral", "octahedral", "square-planar", "square-pyramidal", "see-saw", "t-shaped", "bent"];
	var gnames_new = ["Trigonal pyramidal",
		"Trigonal planar",
		"Linear",
		"Tetrahedral",
		"Octahedral",
		"Square planar",
		"Square pyramidal",
		"See-Saw",
		"T-shaped",
		"Bent"
	];
	var gNew = gnames.indexOf(g);

	res["Molecular Geometry"] = n["Molecular Geometry"];
	responseS["Molecular Geometry"] = gnames_new[gNew];
	answerS["Molecular Geometry"] = n["Molecular Geometry"];

	responseS["Name"] = n["Name"];

	res["Name"] = n["Name"];
	answerS["Name"] = n["Name"];
	responseS["Formula"] = n["Formula"];
	res["Formula"] = n["Formula"];
	answerS["Formula"] = n["Formula"];

	var names = ["tri-bi", "tri-planar", "linear", "tetrahedral", "octahedral"];
	var names_new = ["Trigonal Bipyramidal", "Trigonal planar", "Linear", "Tetrahedral", "Octahedral"];
	var mi = names.indexOf(currentMolecule);

	res["electron pair Geometry"] = names_new[mi];
	responseS["electron pair Geometry"] = names_new[mi];
	answerS["electron pair Geometry"] = names_new[mi];

	answerS["Central Atom"] = n["Central Atom"];


	for (let i in n) {
		if (i.includes("Terminal")) {
			var a;
			if (n[i] == "none") {
				a = "no atom";
			} else {
				a = n[i];
			}
			if (a in answerS) {
				answerS[a] += 1;
			} else {
				answerS[a] = 1;
			}
		}
		if (i.includes("Bond")) {
			var b;
			if (n[i] == "none") {
				b = "no bond";
			} else {
				b = n[i];
			}
			if (b in answerS) {
				answerS[b] += 1;
			} else {
				answerS[b] = 1;
			}
		}


	}


}

/*
check is structures match
*/

function isEquivalent(a, b) {
	var aProps = Object.getOwnPropertyNames(a);
	var bProps = Object.getOwnPropertyNames(b);

	if (aProps.length != bProps.length) {
		return false;
	}

	for (var i = 0; i < aProps.length; i++) {
		var propName = aProps[i];

		if (a[propName] !== b[propName]) {
			return false;
		}
	}

	return true;
}  ]]></questionJavascript>
        </part>
      </parts>
    </question>
  </questions>

  <authors>

    <author uid="229e758e-c9d2-449d-a1bc-e63f1be6d390" instanceUid="5e2e1ee3-b0df-4896-a4a2-e957c61434d7" defaultSchool="0c26cea4-df59-4335-bd02-0f03f21623e4">
      <displayName><![CDATA[  Craig Frayne  ]]></displayName>
    </author>
  </authors>

  <schools>

    <school uid="0c26cea4-df59-4335-bd02-0f03f21623e4">
      <name><![CDATA[  Van-Griner Learning  ]]></name>
    </school>
  </schools>

  <webResources>

    <folder id="0">
      <name><![CDATA[  web_folders/chemTool  ]]></name>
      <description><![CDATA[    ]]></description>
      <uri><![CDATA[  web_folders/chemTool  ]]></uri>
    </folder>
  </webResources>
</courseModule>